id	label	run_id
data/arabic_memes_fb_insta_pinterest/Instagram/IMAGES/comiicsatk/2022-11-16_16-25-25_UTC.jpg	not_propaganda	DistilBERT+ResNet
data/arabic_memes_fb_insta_pinterest/Instagram/IMAGES/de7ktna/2020-02-12_01-00-01_UTC.jpg	not_propaganda	DistilBERT+ResNet
data/arabic_memes_fb_insta_pinterest/Instagram/IMAGES/ex.officiall/2021-09-23_15-50-44_UTC.jpg	not_propaganda	DistilBERT+ResNet
data/arabic_memes_fb_insta_pinterest/Pinterest/images/pinterest_image_august13/www.pinterest.com_pin_578853358376880423/3312d32d301d0eff7ee68b85ab54e181.jpg	not_propaganda	DistilBERT+ResNet
data/arabic_memes_fb_insta_pinterest/Instagram/IMAGES/de7ktna/2019-05-24_10-33-10_UTC.jpg	not_propaganda	DistilBERT+ResNet
data/arabic_memes_fb_insta_pinterest/Facebook/images/MemesYard/40917889_279765709310467_7547071847691452416_n.jpg	not_propaganda	DistilBERT+ResNet
data/arabic_memes_fb_insta_pinterest/Pinterest/images/pinterest_image_august13/www.pinterest.com_pin_147915169002483733/940db97c1bd88ffaa545b202b08501d2.jpg	not_propaganda	DistilBERT+ResNet
data/arabic_memes_fb_insta_pinterest/Pinterest/images/pinterest_image_august13/www.pinterest.com_pin_899031144344763392/068a4865772462e714a57c070687166d.jpg	not_propaganda	DistilBERT+ResNet
data/arabic_memes_fb_insta_pinterest/Instagram/IMAGES/ex.officiall/2023-01-11_11-50-15_UTC.jpg	not_propaganda	DistilBERT+ResNet
data/arabic_memes_fb_insta_pinterest/Facebook/images/ArabianMemez/277818798_1330534560787435_1241891990527214633_n.jpg	propaganda	DistilBERT+ResNet
data/arabic_memes_fb_insta_pinterest/Facebook/images/nasseralkhlify/29790729_1631688883594261_1662085631549340539_n.jpg	not_propaganda	DistilBERT+ResNet
data/arabic_memes_fb_insta_pinterest/Pinterest/images/pinterest_images_part2/www.pinterest.com_pin_186758715790591597/f9f03c4d625aaf6ecdbfae38fdc547e5.jpg	propaganda	DistilBERT+ResNet
data/arabic_memes_fb_insta_pinterest/Pinterest/images/pinterest_images_part2/www.pinterest.com_pin_69242912999681646/a4f209d796549986422ca535453f0d19.jpg	propaganda	DistilBERT+ResNet
data/arabic_memes_fb_insta_pinterest/Facebook/images/msr5er/277166278_962042984505711_7371403808861356944_n.jpg	not_propaganda	DistilBERT+ResNet
data/arabic_memes_fb_insta_pinterest/Instagram/IMAGES/ex.officiall/2022-04-09_14-34-23_UTC.jpg	not_propaganda	DistilBERT+ResNet
data/arabic_memes_fb_insta_pinterest/Instagram/IMAGES/8yerjaw/2022-07-24_07-56-23_UTC.jpg	not_propaganda	DistilBERT+ResNet
data/arabic_memes_fb_insta_pinterest/Instagram/IMAGES/ex.officiall/2021-10-11_16-28-02_UTC.jpg	not_propaganda	DistilBERT+ResNet
data/arabic_memes_fb_insta_pinterest/Instagram/IMAGES/ex.officiall/2020-10-08_13-59-00_UTC.jpg	not_propaganda	DistilBERT+ResNet
data/arabic_memes_fb_insta_pinterest/Instagram/IMAGES/ex.officiall/2020-05-06_18-06-13_UTC.jpg	propaganda	DistilBERT+ResNet
data/arabic_memes_fb_insta_pinterest/Instagram/IMAGES/ex.officiall/2020-08-30_13-23-03_UTC.jpg	not_propaganda	DistilBERT+ResNet
data/arabic_memes_fb_insta_pinterest/Pinterest/images/pinterest_image_august13/www.pinterest.com_pin_44121271342927477/a9d7e80558f31b1ba4b0802ecee703fc.jpg	not_propaganda	DistilBERT+ResNet
data/fb_memes/ArabianMemez/271263167_1269051893602369_2788597173398969409_n.jpg	propaganda	DistilBERT+ResNet
data/arabic_memes_fb_insta_pinterest/Instagram/IMAGES/comiicsatk/2023-07-29_14-30-07_UTC.jpg	not_propaganda	DistilBERT+ResNet
data/arabic_memes_fb_insta_pinterest/Instagram/IMAGES/ex.officiall/2020-01-01_15-16-00_UTC.jpg	not_propaganda	DistilBERT+ResNet
data/arabic_memes_fb_insta_pinterest/Pinterest/images/pinterest_image_august13/www.pinterest.com_pin_126241595793002111/fc90ecd5962568564206a042d928696a.jpg	propaganda	DistilBERT+ResNet
data/arabic_memes_fb_insta_pinterest/Instagram/IMAGES/ex.officiall/2021-06-15_15-31-25_UTC.jpg	not_propaganda	DistilBERT+ResNet
data/arabic_memes_fb_insta_pinterest/Pinterest/images/pinterest_image_august13/www.pinterest.com_pin_44121271342927477/af9152be6dd2e365c0c662ef4d3ba9cb.jpg	propaganda	DistilBERT+ResNet
data/arabic_memes_fb_insta_pinterest/Facebook/images/sanat.meme_/117964968_1481183398740527_2936861728953493373_n.jpg	propaganda	DistilBERT+ResNet
data/arabic_memes_fb_insta_pinterest/Instagram/IMAGES/de7ktna/2021-11-02_09-20-47_UTC.jpg	not_propaganda	DistilBERT+ResNet
data/arabic_memes_fb_insta_pinterest/Instagram/IMAGES/de7ktna/2021-03-14_17-28-14_UTC.jpg	propaganda	DistilBERT+ResNet
data/arabic_memes_fb_insta_pinterest/Instagram/IMAGES/de7ktna/2021-12-03_20-44-55_UTC.jpg	propaganda	DistilBERT+ResNet
data/arabic_memes_fb_insta_pinterest/Pinterest/images/pinterest_image_august13/www.pinterest.com_pin_147915169002483733/06245a3350d5b092637012c6933a645f.jpg	not_propaganda	DistilBERT+ResNet
data/arabic_memes_fb_insta_pinterest/Pinterest/images/pinterest_images_part2/www.pinterest.com_pin_302163456262798283/ffdbbc5e32258a7d3b6db849e17e3ba4.jpg	propaganda	DistilBERT+ResNet
data/arabic_memes_fb_insta_pinterest/Pinterest/images/pinterest_images_part2/www.pinterest.com_pin_173388654391587644/b71feb92c201d01f4e7b62c4fd8a8d89.jpg	not_propaganda	DistilBERT+ResNet
data/arabic_memes_fb_insta_pinterest/Facebook/images/msr5er/281536636_989568528419823_4033792041165390289_n.jpg	not_propaganda	DistilBERT+ResNet
data/arabic_memes_fb_insta_pinterest/Facebook/images/sanat.meme_/101573022_1414369142088620_1711893016936972288_n.jpg	propaganda	DistilBERT+ResNet
data/arabic_memes_fb_insta_pinterest/Facebook/images/ArabianMemez/290991930_1206183920194839_699846131742641562_n.jpg	propaganda	DistilBERT+ResNet
data/arabic_memes_fb_insta_pinterest/Instagram/IMAGES/ex.officiall/2021-05-27_19-57-20_UTC.jpg	not_propaganda	DistilBERT+ResNet
data/arabic_memes_fb_insta_pinterest/Pinterest/images/pinterest_image_august13/www.pinterest.com_pin_361413938844108966/fe14e08ea02cb16144cdb7b66f68978f.jpg	not_propaganda	DistilBERT+ResNet
data/arabic_memes_fb_insta_pinterest/Facebook/images/sanat.meme_/251102254_1814531295405734_1218372785531662794_n.jpg	propaganda	DistilBERT+ResNet
data/arabic_memes_fb_insta_pinterest/Instagram/IMAGES/de7ktna/2020-06-21_20-54-17_UTC.jpg	not_propaganda	DistilBERT+ResNet
data/arabic_memes_fb_insta_pinterest/Instagram/IMAGES/de7ktna/2021-06-14_11-13-14_UTC.jpg	not_propaganda	DistilBERT+ResNet
data/arabic_memes_fb_insta_pinterest/Instagram/IMAGES/de7ktna/2020-06-07_17-27-08_UTC.jpg	not_propaganda	DistilBERT+ResNet
data/arabic_memes_fb_insta_pinterest/Instagram/IMAGES/ex.officiall/2020-04-13_13-51-19_UTC.jpg	not_propaganda	DistilBERT+ResNet
data/arabic_memes_fb_insta_pinterest/Instagram/IMAGES/ex.officiall/2023-07-13_17-52-02_UTC.jpg	not_propaganda	DistilBERT+ResNet
data/arabic_memes_fb_insta_pinterest/Instagram/IMAGES/ex.officiall/2022-06-17_15-18-32_UTC.jpg	not_propaganda	DistilBERT+ResNet
data/arabic_memes_fb_insta_pinterest/Pinterest/images/pinterest_images_part2/www.pinterest.com_pin_186758715790591597/75d9ab9e94b1b1cfbcdb1313f6593433.jpg	not_propaganda	DistilBERT+ResNet
data/arabic_memes_fb_insta_pinterest/Instagram/IMAGES/8yerjaw/2023-01-17_17-50-25_UTC.jpg	not_propaganda	DistilBERT+ResNet
data/arabic_memes_fb_insta_pinterest/Pinterest/images/pinterest_image_august13/www.pinterest.com_pin_397231629646119962/f2d66f84d4cd553772663c4c125fc2a9.jpg	not_propaganda	DistilBERT+ResNet
data/arabic_memes_fb_insta_pinterest/Pinterest/images/pinterest_image_august13/www.pinterest.com_pin_44121271342927477/6283f3776bb9aa06cd52073a79240304.jpg	propaganda	DistilBERT+ResNet
data/arabic_memes_fb_insta_pinterest/Instagram/IMAGES/ex.officiall/2021-04-26_23-40-44_UTC.jpg	not_propaganda	DistilBERT+ResNet
data/arabic_memes_fb_insta_pinterest/Pinterest/images/pinterest_image_august13/www.pinterest.com_pin_126241595793002111/c80e29211187022fe5df3f3d03ece7e5.jpg	not_propaganda	DistilBERT+ResNet
data/arabic_memes_fb_insta_pinterest/Pinterest/images/pinterest_image_august13/www.pinterest.com_pin_115264071700638504/ac5db72812205b593a28ddf1af48f995.jpg	propaganda	DistilBERT+ResNet
data/arabic_memes_fb_insta_pinterest/Pinterest/images/pinterest_images_part2/www.pinterest.com_pin_374924737743995066/6a6e3a47a3d047ea6fda83b8ff68816c.jpg	not_propaganda	DistilBERT+ResNet
data/arabic_memes_fb_insta_pinterest/Pinterest/images/pinterest_image_august13/www.pinterest.com_pin_397231629646119962/0e4cc144efb2f9dac42406535284a1f6.jpg	propaganda	DistilBERT+ResNet
data/arabic_memes_fb_insta_pinterest/Facebook/images/MemesYard/242529449_929351387685226_2103520543704326831_n.jpg	not_propaganda	DistilBERT+ResNet
data/arabic_memes_fb_insta_pinterest/Instagram/IMAGES/de7ktna/2021-07-25_21-44-16_UTC.jpg	propaganda	DistilBERT+ResNet
data/arabic_memes_fb_insta_pinterest/Pinterest/images/pinterest_image_august13/www.pinterest.com_pin_44121271342927477/7eca2a74d3eff3e75a707df42b885dc3.jpg	not_propaganda	DistilBERT+ResNet
data/arabic_memes_fb_insta_pinterest/Pinterest/images/pinterest_image_august13/www.pinterest.com_pin_43136108917780301/47d6ba636e62c13fc44ecfb33927d715.jpg	not_propaganda	DistilBERT+ResNet
data/arabic_memes_fb_insta_pinterest/Instagram/IMAGES/de7ktna/2020-06-03_12-56-13_UTC.jpg	not_propaganda	DistilBERT+ResNet
data/arabic_memes_fb_insta_pinterest/Pinterest/images/pinterest_images_part2/www.pinterest.com_pin_186758715790591597/89d6a5c08abea840eed8ab1eef3682a3.jpg	propaganda	DistilBERT+ResNet
data/arabic_memes_fb_insta_pinterest/Instagram/IMAGES/8yerjaw/2022-06-06_08-31-10_UTC.jpg	not_propaganda	DistilBERT+ResNet
data/arabic_memes_fb_insta_pinterest/Pinterest/images/pinterest_images_part2/www.pinterest.com_pin_69242912999681646/94f66f9b90d43d98f888b9e2f3af92e4.jpg	not_propaganda	DistilBERT+ResNet
data/arabic_memes_fb_insta_pinterest/Facebook/images/MemesYard/71601601_447826912504345_2872893659970273280_n.jpg	not_propaganda	DistilBERT+ResNet
data/arabic_memes_fb_insta_pinterest/Pinterest/images/pinterest_images_part2/www.pinterest.com_pin_358810295319095213/f06690323b70be3f5c75668195388d3b.jpg	not_propaganda	DistilBERT+ResNet
data/arabic_memes_fb_insta_pinterest/Instagram/IMAGES/ex.officiall/2022-08-06_17-52-11_UTC.jpg	not_propaganda	DistilBERT+ResNet
data/arabic_memes_fb_insta_pinterest/Instagram/IMAGES/ex.officiall/2022-09-05_23-32-10_UTC.jpg	not_propaganda	DistilBERT+ResNet
data/arabic_memes_fb_insta_pinterest/Instagram/IMAGES/ex.officiall/2022-07-17_12-38-09_UTC.jpg	not_propaganda	DistilBERT+ResNet
data/arabic_memes_fb_insta_pinterest/Facebook/images/salsamemers/334072743_1384069435466907_2002081653149703324_n.jpg	propaganda	DistilBERT+ResNet
data/arabic_memes_fb_insta_pinterest/Instagram/IMAGES/ex.officiall/2022-05-02_06-29-48_UTC.jpg	not_propaganda	DistilBERT+ResNet
data/arabic_memes_fb_insta_pinterest/Pinterest/images/pinterest_image_august13/www.pinterest.com_pin_864409722250727930/121a33032a6f7d39a1bfe6fe6f28fa7f.jpg	not_propaganda	DistilBERT+ResNet
data/arabic_memes_fb_insta_pinterest/Instagram/IMAGES/ex.officiall/2019-10-25_17-08-21_UTC.jpg	not_propaganda	DistilBERT+ResNet
data/arabic_memes_fb_insta_pinterest/Pinterest/images/pinterest_image_august13/www.pinterest.com_pin_147915169002483733/8ba616d1cc1262a313bad0dd990dcc2b.jpg	not_propaganda	DistilBERT+ResNet
data/arabic_memes_fb_insta_pinterest/Facebook/images/FeministsPS/361612123_661322626030421_755497021638397027_n.jpg	propaganda	DistilBERT+ResNet
data/arabic_memes_fb_insta_pinterest/Pinterest/images/pinterest_image_august13/www.pinterest.com_pin_899031144344763392/b7533c9d7c48f54317eaf8dc06539fe7.jpg	not_propaganda	DistilBERT+ResNet
data/arabic_memes_fb_insta_pinterest/Pinterest/images/pinterest_images_part2/www.pinterest.com_pin_302163456262798283/7985101bdaae65890d389a07bb301ef3.jpg	propaganda	DistilBERT+ResNet
data/arabic_memes_fb_insta_pinterest/Pinterest/images/pinterest_image_august13/www.pinterest.com_pin_380413499780103638/c50dacf6dbaa7df5afd2217f0f8da594.jpg	not_propaganda	DistilBERT+ResNet
data/arabic_memes_fb_insta_pinterest/Instagram/IMAGES/8yerjaw/2022-08-01_10-59-31_UTC.jpg	not_propaganda	DistilBERT+ResNet
data/arabic_memes_fb_insta_pinterest/Instagram/IMAGES/ex.officiall/2019-11-18_18-16-36_UTC.jpg	not_propaganda	DistilBERT+ResNet
data/arabic_memes_fb_insta_pinterest/Pinterest/images/pinterest_image_august13/www.pinterest.com_pin_361413938844108966/b009ffe64d0717179c258c5b84e2d816.jpg	not_propaganda	DistilBERT+ResNet
data/arabic_memes_fb_insta_pinterest/Pinterest/images/pinterest_images_part2/www.pinterest.com_pin_358810295319095213/d268bc15905b532dda237d9a7dad6954.jpg	not_propaganda	DistilBERT+ResNet
data/arabic_memes_fb_insta_pinterest/Facebook/images/islamic.stolen.memes/244534017_396713148649600_5505725561756994956_n.jpg	not_propaganda	DistilBERT+ResNet
data/arabic_memes_fb_insta_pinterest/Instagram/IMAGES/ex.officiall/2022-12-28_11-20-18_UTC.jpg	not_propaganda	DistilBERT+ResNet
data/arabic_memes_fb_insta_pinterest/Pinterest/images/pinterest_image_august13/www.pinterest.com_pin_78742693468545132/ebbb8d1fe47f4479a566e62a8a05a803.jpg	not_propaganda	DistilBERT+ResNet
data/arabic_memes_fb_insta_pinterest/Instagram/IMAGES/ex.officiall/2020-09-25_22-25-25_UTC.jpg	not_propaganda	DistilBERT+ResNet
data/arabic_memes_fb_insta_pinterest/Instagram/IMAGES/ex.officiall/2020-12-06_16-05-42_UTC.jpg	not_propaganda	DistilBERT+ResNet
data/fb_memes/ArabianMemez/42303742_467871173720449_5277532165511315456_n.jpg	propaganda	DistilBERT+ResNet
data/arabic_memes_fb_insta_pinterest/Facebook/images/sanat.meme_/118425754_1494920280700172_2062404228498275214_n.jpg	propaganda	DistilBERT+ResNet
data/arabic_memes_fb_insta_pinterest/Instagram/IMAGES/ex.officiall/2021-07-15_18-44-25_UTC.jpg	not_propaganda	DistilBERT+ResNet
data/arabic_memes_fb_insta_pinterest/Instagram/IMAGES/de7ktna/2022-01-04_10-07-54_UTC.jpg	not_propaganda	DistilBERT+ResNet
data/arabic_memes_fb_insta_pinterest/Pinterest/images/pinterest_images_part2/www.pinterest.com_pin_374924737743995066/914e3894af22150d9770eb02ddbd4c96.jpg	not_propaganda	DistilBERT+ResNet
data/arabic_memes_fb_insta_pinterest/Facebook/images/msr5er/277786979_962157867827556_7463324223437030557_n.jpg	propaganda	DistilBERT+ResNet
data/arabic_memes_fb_insta_pinterest/Pinterest/images/pinterest_images_part2/www.pinterest.com_pin_186758715790591597/c0c9a8074505bfb99b4d7cea35f98da8.jpg	not_propaganda	DistilBERT+ResNet
data/arabic_memes_fb_insta_pinterest/Pinterest/images/pinterest_images_part2/www.pinterest.com_pin_374924737743995066/1dbb9e84c70cf7ce649717836ae2bd6a.jpg	not_propaganda	DistilBERT+ResNet
data/arabic_memes_fb_insta_pinterest/Instagram/IMAGES/ex.officiall/2023-03-06_13-15-24_UTC.jpg	not_propaganda	DistilBERT+ResNet
data/arabic_memes_fb_insta_pinterest/Facebook/images/msr5er/281761539_1678768682483316_2795298954964849205_n.jpg	not_propaganda	DistilBERT+ResNet
data/arabic_memes_fb_insta_pinterest/Instagram/IMAGES/de7ktna/2019-01-17_20-25-59_UTC.jpg	not_propaganda	DistilBERT+ResNet
data/arabic_memes_fb_insta_pinterest/Facebook/images/salsamemers/351310932_1547135502358904_2858937618457831437_n.jpg	not_propaganda	DistilBERT+ResNet
data/arabic_memes_fb_insta_pinterest/Pinterest/images/pinterest_image_august13/www.pinterest.com_pin_147915169002483733/3e22eb4f1d14e9132997511848e6051d.jpg	propaganda	DistilBERT+ResNet
data/arabic_memes_fb_insta_pinterest/Instagram/IMAGES/de7ktna/2021-12-26_17-38-00_UTC.jpg	not_propaganda	DistilBERT+ResNet
data/arabic_memes_fb_insta_pinterest/Pinterest/images/pinterest_image_august13/www.pinterest.com_pin_899031144344763392/499fc5703065586d204a9441e4df2eea.jpg	not_propaganda	DistilBERT+ResNet
data/arabic_memes_fb_insta_pinterest/Pinterest/images/pinterest_images_part2/www.pinterest.com_pin_361413938847052075/40f32ffa7b8ab3dfadcb264574b09ea9.jpg	not_propaganda	DistilBERT+ResNet
data/arabic_memes_fb_insta_pinterest/Pinterest/images/pinterest_image_august13/www.pinterest.com_pin_126241595793002111/cdafd81fb226da5f47ddc2e6cf581e67.jpg	not_propaganda	DistilBERT+ResNet
data/arabic_memes_fb_insta_pinterest/Pinterest/images/pinterest_image_august13/www.pinterest.com_pin_147915169002483733/95bc20b0b3c9d58e436449dbde46c52b.jpg	propaganda	DistilBERT+ResNet
data/arabic_memes_fb_insta_pinterest/Pinterest/images/pinterest_image_august13/www.pinterest.com_pin_397231629646119962/c64ac23c641dd4f68a9873cc68b31096.jpg	not_propaganda	DistilBERT+ResNet
data/arabic_memes_fb_insta_pinterest/Pinterest/images/pinterest_image_august13/www.pinterest.com_pin_177188566595173794/e5e4e14eca56d9a015c03669763a65ab.jpg	not_propaganda	DistilBERT+ResNet
data/arabic_memes_fb_insta_pinterest/Instagram/IMAGES/ex.officiall/2020-04-18_12-38-20_UTC.jpg	not_propaganda	DistilBERT+ResNet
data/arabic_memes_fb_insta_pinterest/Instagram/IMAGES/de7ktna/2021-04-23_10-28-13_UTC.jpg	not_propaganda	DistilBERT+ResNet
data/arabic_memes_fb_insta_pinterest/Pinterest/images/pinterest_image_august13/www.pinterest.com_pin_44121271342927477/e99f66580d71080319068a56bf2e8842.jpg	propaganda	DistilBERT+ResNet
data/arabic_memes_fb_insta_pinterest/Instagram/IMAGES/ex.officiall/2023-02-13_16-07-53_UTC.jpg	not_propaganda	DistilBERT+ResNet
data/arabic_memes_fb_insta_pinterest/Pinterest/images/pinterest_image_august13/www.pinterest.com_pin_44121271342927477/484925e43920dff5730608f28303a6ec.jpg	not_propaganda	DistilBERT+ResNet
data/arabic_memes_fb_insta_pinterest/Facebook/images/sanat.meme_/279622780_374206734717598_1477850426416847353_n.jpg	propaganda	DistilBERT+ResNet
data/arabic_memes_fb_insta_pinterest/Facebook/images/True.Memes.Comics/306910468_812956646718445_214479202262956439_n.jpg	not_propaganda	DistilBERT+ResNet
data/arabic_memes_fb_insta_pinterest/Facebook/images/sanat.meme_/103393185_1421448138047387_8593753004571683932_n.jpg	not_propaganda	DistilBERT+ResNet
data/arabic_memes_fb_insta_pinterest/Facebook/images/salsamemers/363389110_784077093504323_8040336206065685460_n.jpg	propaganda	DistilBERT+ResNet
data/arabic_memes_fb_insta_pinterest/Instagram/IMAGES/ex.officiall/2021-10-28_20-56-40_UTC.jpg	propaganda	DistilBERT+ResNet
data/arabic_memes_fb_insta_pinterest/Instagram/IMAGES/ex.officiall/2021-01-18_19-54-10_UTC.jpg	not_propaganda	DistilBERT+ResNet
data/arabic_memes_fb_insta_pinterest/Pinterest/images/pinterest_images_part2/www.pinterest.com_pin_69313281753218775/546c595b1dd64594c89162e23d2eded8.jpg	not_propaganda	DistilBERT+ResNet
data/arabic_memes_fb_insta_pinterest/Instagram/IMAGES/8yerjaw/2022-04-04_16-46-36_UTC.jpg	not_propaganda	DistilBERT+ResNet
data/arabic_memes_fb_insta_pinterest/Pinterest/images/pinterest_images_part2/www.pinterest.com_pin_186758715790591597/540573074a02804d6d32a4b15ddee9fe.jpg	not_propaganda	DistilBERT+ResNet
data/arabic_memes_fb_insta_pinterest/Pinterest/images/pinterest_image_august13/www.pinterest.com_pin_126241595793002111/3ab0e71f8f0ebc693220e6c163286e70.jpg	not_propaganda	DistilBERT+ResNet
data/arabic_memes_fb_insta_pinterest/Facebook/images/sanat.meme_/120194343_2790235417919474_7611315646799812491_n.jpg	not_propaganda	DistilBERT+ResNet
data/arabic_memes_fb_insta_pinterest/Instagram/IMAGES/de7ktna/2022-03-13_15-34-56_UTC.jpg	not_propaganda	DistilBERT+ResNet
data/arabic_memes_fb_insta_pinterest/Facebook/images/salsamemers/355316754_764992038746162_7332591476055171567_n.jpg	not_propaganda	DistilBERT+ResNet
data/arabic_memes_fb_insta_pinterest/Instagram/IMAGES/8yerjaw/2022-03-07_11-27-00_UTC.jpg	not_propaganda	DistilBERT+ResNet
data/arabic_memes_fb_insta_pinterest/Facebook/images/True.Memes.Comics/218241474_537488010931978_5797776525360143754_n.jpg	not_propaganda	DistilBERT+ResNet
data/arabic_memes_fb_insta_pinterest/Instagram/IMAGES/ex.officiall/2020-05-21_17-12-14_UTC.jpg	not_propaganda	DistilBERT+ResNet
data/arabic_memes_fb_insta_pinterest/Instagram/IMAGES/8yerjaw/2022-02-13_09-52-28_UTC.jpg	not_propaganda	DistilBERT+ResNet
data/arabic_memes_fb_insta_pinterest/Facebook/images/salsamemers/327110176_6261891303856122_3456069314766438048_n.jpg	propaganda	DistilBERT+ResNet
data/arabic_memes_fb_insta_pinterest/Instagram/IMAGES/comiicsatk/2020-12-11_16-53-49_UTC.jpg	not_propaganda	DistilBERT+ResNet
data/arabic_memes_fb_insta_pinterest/Instagram/IMAGES/8yerjaw/2022-02-05_16-51-28_UTC.jpg	not_propaganda	DistilBERT+ResNet
data/arabic_memes_fb_insta_pinterest/Facebook/images/nasseralkhlify/20748420_1410299885733163_7283351288881949657_o.jpg	propaganda	DistilBERT+ResNet
data/fb_memes/ArabianMemez/275137990_1308798969627661_2215016878697740711_n.jpg	propaganda	DistilBERT+ResNet
data/arabic_memes_fb_insta_pinterest/Pinterest/images/pinterest_image_august13/www.pinterest.com_pin_126241595793002111/4a0c6a1c8a27550a7a1aafdcc47fe1ee.jpg	propaganda	DistilBERT+ResNet
data/arabic_memes_fb_insta_pinterest/Pinterest/images/pinterest_image_august13/www.pinterest.com_pin_44121271342927477/34fb502406e8ad0542b33f381b10fb04.jpg	propaganda	DistilBERT+ResNet
data/arabic_memes_fb_insta_pinterest/Facebook/images/msr5er/277764280_962928784417131_4711233209443644164_n.jpg	not_propaganda	DistilBERT+ResNet
data/arabic_memes_fb_insta_pinterest/Pinterest/images/pinterest_image_august13/www.pinterest.com_pin_44121271342927477/001b2766670bdabeda262d274f1736fb.jpg	propaganda	DistilBERT+ResNet
data/arabic_memes_fb_insta_pinterest/Pinterest/images/pinterest_image_august13/www.pinterest.com_pin_899031144344763392/47d8269fa35fb85c9b08d166a5eeb149.jpg	not_propaganda	DistilBERT+ResNet
data/arabic_memes_fb_insta_pinterest/Instagram/IMAGES/8yerjaw/2022-09-02_16-15-00_UTC.jpg	not_propaganda	DistilBERT+ResNet
data/arabic_memes_fb_insta_pinterest/Instagram/IMAGES/ex.officiall/2019-10-17_09-58-30_UTC.jpg	not_propaganda	DistilBERT+ResNet
data/arabic_memes_fb_insta_pinterest/Instagram/IMAGES/8yerjaw/2022-03-27_11-32-12_UTC.jpg	not_propaganda	DistilBERT+ResNet
data/arabic_memes_fb_insta_pinterest/Facebook/images/sanat.meme_/264556800_1840254609500069_6032427180776868751_n.jpg	propaganda	DistilBERT+ResNet
data/arabic_memes_fb_insta_pinterest/Pinterest/images/pinterest_image_august13/www.pinterest.com_pin_384283780715921583/8506e774f529e58af45f5091c7c7ba97.jpg	not_propaganda	DistilBERT+ResNet
data/arabic_memes_fb_insta_pinterest/Instagram/IMAGES/ex.officiall/2022-03-16_17-49-46_UTC.jpg	not_propaganda	DistilBERT+ResNet
data/arabic_memes_fb_insta_pinterest/Pinterest/images/pinterest_image_august13/www.pinterest.com_pin_380413499780103638/afee0352dd9e17ab483351bc849bd303.jpg	not_propaganda	DistilBERT+ResNet
data/arabic_memes_fb_insta_pinterest/Instagram/IMAGES/8yerjaw/2022-06-17_18-20-15_UTC.jpg	not_propaganda	DistilBERT+ResNet
data/arabic_memes_fb_insta_pinterest/Facebook/images/arabic.memes.offiiciel/118548455_145776400531387_7997053835806860253_n.jpg	propaganda	DistilBERT+ResNet
data/arabic_memes_fb_insta_pinterest/Instagram/IMAGES/ex.officiall/2021-11-16_19-25-13_UTC.jpg	not_propaganda	DistilBERT+ResNet
data/arabic_memes_fb_insta_pinterest/Pinterest/images/pinterest_image_august13/www.pinterest.com_pin_115264071700638504/06184594444e29f545e635df571b0815.jpg	not_propaganda	DistilBERT+ResNet
data/arabic_memes_fb_insta_pinterest/Instagram/IMAGES/de7ktna/2021-06-10_15-24-25_UTC.jpg	not_propaganda	DistilBERT+ResNet
data/arabic_memes_fb_insta_pinterest/Instagram/IMAGES/de7ktna/2022-04-20_09-55-52_UTC.jpg	not_propaganda	DistilBERT+ResNet
data/arabic_memes_fb_insta_pinterest/Pinterest/images/pinterest_images_part2/www.pinterest.com_pin_302163456262798283/fa45ad060c161883570a66643c4e658f.jpg	propaganda	DistilBERT+ResNet
data/arabic_memes_fb_insta_pinterest/Pinterest/images/pinterest_images_part2/www.pinterest.com_pin_374924737743995066/9f7546d64b6b87c98e69a3f83872829a.jpg	not_propaganda	DistilBERT+ResNet
data/fb_memes/ArabianMemez/325596730_3561165430866879_9207462464562099758_n.jpg	propaganda	DistilBERT+ResNet
data/arabic_memes_fb_insta_pinterest/Pinterest/images/pinterest_images_part2/www.pinterest.com_pin_186758715790591597/436a4b22f41129bdceb8cfdffc1dd5d8.jpg	not_propaganda	DistilBERT+ResNet
data/arabic_memes_fb_insta_pinterest/Instagram/IMAGES/8yerjaw/2022-10-17_18-27-16_UTC.jpg	not_propaganda	DistilBERT+ResNet
data/arabic_memes_fb_insta_pinterest/Pinterest/images/pinterest_images_part2/www.pinterest.com_pin_69242912999681646/ca3ae959f6cbba25bfec14fbb09d23f4.jpg	not_propaganda	DistilBERT+ResNet
data/arabic_memes_fb_insta_pinterest/Pinterest/images/pinterest_image_august13/www.pinterest.com_pin_361413938844108966/5362518018f17c0ac51ec12442049a23.jpg	not_propaganda	DistilBERT+ResNet
data/arabic_memes_fb_insta_pinterest/Instagram/IMAGES/8yerjaw/2022-02-13_19-43-11_UTC.jpg	not_propaganda	DistilBERT+ResNet
data/arabic_memes_fb_insta_pinterest/Pinterest/images/pinterest_images_part2/www.pinterest.com_pin_374924737743995066/5e4014cbae2b4e381ef8937974a14d30.jpg	not_propaganda	DistilBERT+ResNet
data/arabic_memes_fb_insta_pinterest/Instagram/IMAGES/ex.officiall/2021-03-11_12-15-12_UTC.jpg	not_propaganda	DistilBERT+ResNet
data/arabic_memes_fb_insta_pinterest/Instagram/IMAGES/ex.officiall/2021-12-31_19-09-50_UTC.jpg	not_propaganda	DistilBERT+ResNet
data/arabic_memes_fb_insta_pinterest/Instagram/IMAGES/ex.officiall/2020-01-29_15-10-48_UTC.jpg	not_propaganda	DistilBERT+ResNet
data/arabic_memes_fb_insta_pinterest/Instagram/IMAGES/de7ktna/2020-06-12_09-32-08_UTC.jpg	not_propaganda	DistilBERT+ResNet
data/arabic_memes_fb_insta_pinterest/Instagram/IMAGES/ex.officiall/2022-12-18_10-20-23_UTC.jpg	not_propaganda	DistilBERT+ResNet
data/arabic_memes_fb_insta_pinterest/Instagram/IMAGES/comiicsatk/2023-07-08_17-38-34_UTC.jpg	not_propaganda	DistilBERT+ResNet
data/arabic_memes_fb_insta_pinterest/Instagram/IMAGES/ex.officiall/2022-06-08_12-05-40_UTC.jpg	not_propaganda	DistilBERT+ResNet
data/arabic_memes_fb_insta_pinterest/Instagram/IMAGES/de7ktna/2022-03-07_15-02-00_UTC.jpg	not_propaganda	DistilBERT+ResNet
data/arabic_memes_fb_insta_pinterest/Instagram/IMAGES/ex.officiall/2022-02-01_16-07-08_UTC.jpg	not_propaganda	DistilBERT+ResNet
data/arabic_memes_fb_insta_pinterest/Instagram/IMAGES/ex.officiall/2022-10-20_19-19-49_UTC.jpg	not_propaganda	DistilBERT+ResNet
data/arabic_memes_fb_insta_pinterest/Instagram/IMAGES/ex.officiall/2020-02-01_13-51-02_UTC.jpg	not_propaganda	DistilBERT+ResNet
data/arabic_memes_fb_insta_pinterest/Facebook/images/ArabianMemez/330959701_1352914928583459_8855387418711068052_n.jpg	propaganda	DistilBERT+ResNet
data/arabic_memes_fb_insta_pinterest/Pinterest/images/pinterest_images_part2/www.pinterest.com_pin_186758715790591597/6b62497409694f99637b33f867737160.jpg	propaganda	DistilBERT+ResNet
data/arabic_memes_fb_insta_pinterest/Pinterest/images/pinterest_images_part2/www.pinterest.com_pin_69313281753218775/2b0726e084b4385eb8e93d9c4373b7da.jpg	propaganda	DistilBERT+ResNet
data/arabic_memes_fb_insta_pinterest/Instagram/IMAGES/8yerjaw/2022-02-07_10-31-30_UTC.jpg	not_propaganda	DistilBERT+ResNet
data/arabic_memes_fb_insta_pinterest/Instagram/IMAGES/de7ktna/2020-08-31_08-05-14_UTC.jpg	propaganda	DistilBERT+ResNet
data/arabic_memes_fb_insta_pinterest/Instagram/IMAGES/comiicsatk/2021-05-19_15-52-31_UTC.jpg	not_propaganda	DistilBERT+ResNet
data/arabic_memes_fb_insta_pinterest/Pinterest/images/pinterest_images_part2/www.pinterest.com_pin_358810295319095213/fc53fd455e9c1903175230812288693d.jpg	not_propaganda	DistilBERT+ResNet
data/arabic_memes_fb_insta_pinterest/Instagram/IMAGES/ex.officiall/2020-08-26_16-51-25_UTC.jpg	not_propaganda	DistilBERT+ResNet
data/arabic_memes_fb_insta_pinterest/Facebook/images/nasseralkhlify/24852222_1515926468503837_7179002696692948217_n.jpg	propaganda	DistilBERT+ResNet
data/arabic_memes_fb_insta_pinterest/Facebook/images/ArabianMemez/341371615_765301385170551_5809881931890514321_n.jpg	propaganda	DistilBERT+ResNet
data/arabic_memes_fb_insta_pinterest/Pinterest/images/pinterest_images_part2/www.pinterest.com_pin_302163456262798283/a2dd8eb9a6032184e3167b47d0c7869b.jpg	not_propaganda	DistilBERT+ResNet
data/arabic_memes_fb_insta_pinterest/Facebook/images/salsamemers/351156380_917188882704753_4855469265371209049_n.jpg	not_propaganda	DistilBERT+ResNet
data/arabic_memes_fb_insta_pinterest/Instagram/IMAGES/8yerjaw/2022-12-07_17-42-27_UTC.jpg	not_propaganda	DistilBERT+ResNet
data/arabic_memes_fb_insta_pinterest/Pinterest/images/pinterest_image_august13/www.pinterest.com_pin_177188566595173794/bee56ecb245021ee4765ce54713835bb.jpg	not_propaganda	DistilBERT+ResNet
data/arabic_memes_fb_insta_pinterest/Pinterest/images/pinterest_images_part2/www.pinterest.com_pin_69242912999681646/feb274cfb5b9d937bbd1e48e015c071e.jpg	not_propaganda	DistilBERT+ResNet
data/arabic_memes_fb_insta_pinterest/Pinterest/images/pinterest_image_august13/www.pinterest.com_pin_177188566595173794/d6b7929e9d2b32207f59686a4b61672e.jpg	not_propaganda	DistilBERT+ResNet
data/arabic_memes_fb_insta_pinterest/Instagram/IMAGES/ex.officiall/2023-06-20_13-58-11_UTC.jpg	not_propaganda	DistilBERT+ResNet
data/arabic_memes_fb_insta_pinterest/Pinterest/images/pinterest_images_part2/www.pinterest.com_pin_374924737743995066/c73ddf47f42f126253e200708210fe34.jpg	not_propaganda	DistilBERT+ResNet
data/arabic_memes_fb_insta_pinterest/Pinterest/images/pinterest_images_part2/www.pinterest.com_pin_302163456262798283/53515754e8bdff1e6a2dc313aa5c754a.jpg	propaganda	DistilBERT+ResNet
data/arabic_memes_fb_insta_pinterest/Instagram/IMAGES/comiicsatk/2020-07-04_13-22-18_UTC.jpg	not_propaganda	DistilBERT+ResNet
data/arabic_memes_fb_insta_pinterest/Instagram/IMAGES/ex.officiall/2020-05-03_17-25-34_UTC.jpg	not_propaganda	DistilBERT+ResNet
data/arabic_memes_fb_insta_pinterest/Instagram/IMAGES/ex.officiall/2021-04-10_13-39-44_UTC.jpg	not_propaganda	DistilBERT+ResNet
data/arabic_memes_fb_insta_pinterest/Instagram/IMAGES/ex.officiall/2020-04-23_11-54-48_UTC.jpg	not_propaganda	DistilBERT+ResNet
data/arabic_memes_fb_insta_pinterest/Instagram/IMAGES/de7ktna/2021-09-25_21-36-17_UTC.jpg	not_propaganda	DistilBERT+ResNet
data/arabic_memes_fb_insta_pinterest/Pinterest/images/pinterest_image_august13/www.pinterest.com_pin_147915169002483733/523323ca53ca63ba1cded1f94cad43ed.jpg	not_propaganda	DistilBERT+ResNet
data/arabic_memes_fb_insta_pinterest/Pinterest/images/pinterest_images_part2/www.pinterest.com_pin_302163456262798283/6b97d06bcf0631171eefb151f63ea1be.jpg	not_propaganda	DistilBERT+ResNet
data/arabic_memes_fb_insta_pinterest/Instagram/IMAGES/ex.officiall/2022-08-03_21-03-57_UTC.jpg	not_propaganda	DistilBERT+ResNet
data/arabic_memes_fb_insta_pinterest/Pinterest/images/pinterest_images_part2/www.pinterest.com_pin_302163456262798283/9fae223efb68f6c238c0e0d6827726b7.jpg	not_propaganda	DistilBERT+ResNet
data/arabic_memes_fb_insta_pinterest/Pinterest/images/pinterest_image_august13/www.pinterest.com_pin_147915169002483733/e37840144ea01b9a317f65a7c03af271.jpg	not_propaganda	DistilBERT+ResNet
data/arabic_memes_fb_insta_pinterest/Pinterest/images/pinterest_image_august13/www.pinterest.com_pin_361413938844108966/f019c33c27036fc1086f1c471a5eaf20.jpg	not_propaganda	DistilBERT+ResNet
data/arabic_memes_fb_insta_pinterest/Pinterest/images/pinterest_image_august13/www.pinterest.com_pin_126241595793002111/d23793ab94ea5471d9dca0fb5e79f896.jpg	not_propaganda	DistilBERT+ResNet
data/arabic_memes_fb_insta_pinterest/Facebook/images/msr5er/277361282_958561814853828_6813086825530190739_n.jpg	not_propaganda	DistilBERT+ResNet
data/arabic_memes_fb_insta_pinterest/Instagram/IMAGES/ex.officiall/2022-08-09_12-57-40_UTC.jpg	not_propaganda	DistilBERT+ResNet
data/arabic_memes_fb_insta_pinterest/Pinterest/images/pinterest_image_august13/www.pinterest.com_pin_380413499780103638/db1db7cadeafe6e4118eacb102888af2.jpg	not_propaganda	DistilBERT+ResNet
data/arabic_memes_fb_insta_pinterest/Pinterest/images/pinterest_image_august13/www.pinterest.com_pin_44121271342927477/05c147c1d828fee5efae6543fb239b69.jpg	propaganda	DistilBERT+ResNet
data/arabic_memes_fb_insta_pinterest/Facebook/images/sanat.meme_/100916396_1415977821927752_1245158152081506304_n.jpg	not_propaganda	DistilBERT+ResNet
data/arabic_memes_fb_insta_pinterest/Instagram/IMAGES/ex.officiall/2020-05-09_20-22-37_UTC.jpg	not_propaganda	DistilBERT+ResNet
data/fb_memes/ArabianMemez/339604724_240280365162274_8475128203519352213_n.jpg	not_propaganda	DistilBERT+ResNet
data/arabic_memes_fb_insta_pinterest/Instagram/IMAGES/ex.officiall/2022-07-18_12-06-19_UTC.jpg	not_propaganda	DistilBERT+ResNet
data/arabic_memes_fb_insta_pinterest/Instagram/IMAGES/ex.officiall/2022-04-13_17-51-03_UTC.jpg	not_propaganda	DistilBERT+ResNet
data/arabic_memes_fb_insta_pinterest/Instagram/IMAGES/ex.officiall/2019-12-03_13-05-45_UTC.jpg	not_propaganda	DistilBERT+ResNet
data/arabic_memes_fb_insta_pinterest/Instagram/IMAGES/ex.officiall/2021-04-08_09-56-41_UTC.jpg	not_propaganda	DistilBERT+ResNet
data/arabic_memes_fb_insta_pinterest/Pinterest/images/pinterest_image_august13/www.pinterest.com_pin_147915169002483733/6622196bdce72b12fff6baff522326e5.jpg	not_propaganda	DistilBERT+ResNet
data/arabic_memes_fb_insta_pinterest/Pinterest/images/pinterest_image_august13/www.pinterest.com_pin_43136108917780301/0516af078cb2960c40d2c131653cf8ec.jpg	not_propaganda	DistilBERT+ResNet
data/arabic_memes_fb_insta_pinterest/Instagram/IMAGES/ex.officiall/2020-12-24_16-20-11_UTC.jpg	not_propaganda	DistilBERT+ResNet
data/arabic_memes_fb_insta_pinterest/Pinterest/images/pinterest_images_part2/www.pinterest.com_pin_173388654391587644/b04dceb85ebc3fec7ee78a568d9d2c67.jpg	propaganda	DistilBERT+ResNet
data/arabic_memes_fb_insta_pinterest/Instagram/IMAGES/ex.officiall/2020-10-30_15-10-33_UTC.jpg	not_propaganda	DistilBERT+ResNet
data/arabic_memes_fb_insta_pinterest/Pinterest/images/pinterest_images_part2/www.pinterest.com_pin_374924737743995066/c91355227c7b05b623317ed9e17509cf.jpg	not_propaganda	DistilBERT+ResNet
data/arabic_memes_fb_insta_pinterest/Instagram/IMAGES/de7ktna/2022-01-19_10-30-58_UTC.jpg	not_propaganda	DistilBERT+ResNet
data/arabic_memes_fb_insta_pinterest/Pinterest/images/pinterest_image_august13/www.pinterest.com_pin_661888476507841181/617c4308ce4c85a880e623fdf7e69605.jpg	not_propaganda	DistilBERT+ResNet
data/arabic_memes_fb_insta_pinterest/Pinterest/images/pinterest_images_part2/www.pinterest.com_pin_186758715790591597/01cfb2985e6bc67e99a1c85a40c5d70d.jpg	not_propaganda	DistilBERT+ResNet
data/arabic_memes_fb_insta_pinterest/Facebook/images/arabic.memes.offiiciel/118595105_144406264001734_4461398654886381821_n.jpg	propaganda	DistilBERT+ResNet
data/arabic_memes_fb_insta_pinterest/Instagram/IMAGES/ex.officiall/2020-09-29_12-00-58_UTC.jpg	not_propaganda	DistilBERT+ResNet
data/arabic_memes_fb_insta_pinterest/Pinterest/images/pinterest_images_part2/www.pinterest.com_pin_302163456262798283/a928fa8bb0e2ec00b8c5be810daf66e9.jpg	propaganda	DistilBERT+ResNet
data/arabic_memes_fb_insta_pinterest/Facebook/images/ArabianMemez/322540538_482507960479374_7835342350374189298_n.jpg	propaganda	DistilBERT+ResNet
data/arabic_memes_fb_insta_pinterest/Pinterest/images/pinterest_images_part2/www.pinterest.com_pin_374924737743995066/6175a1f8cc746fb57d6a6141c47ef4de.jpg	propaganda	DistilBERT+ResNet
data/arabic_memes_fb_insta_pinterest/Pinterest/images/pinterest_image_august13/www.pinterest.com_pin_384283780715921583/e8a709844a4fae4b36ef49792fbc1614.jpg	propaganda	DistilBERT+ResNet
data/arabic_memes_fb_insta_pinterest/Pinterest/images/pinterest_images_part2/www.pinterest.com_pin_358810295319095213/de668de0aa131760fe7b6692c6d05928.jpg	not_propaganda	DistilBERT+ResNet
data/arabic_memes_fb_insta_pinterest/Instagram/IMAGES/ex.officiall/2020-03-11_19-32-39_UTC.jpg	not_propaganda	DistilBERT+ResNet
data/arabic_memes_fb_insta_pinterest/Pinterest/images/pinterest_images_part2/www.pinterest.com_pin_302163456262798283/add7d8d70902628fb3ae0dff1fb5568b.jpg	not_propaganda	DistilBERT+ResNet
data/arabic_memes_fb_insta_pinterest/Pinterest/images/pinterest_image_august13/www.pinterest.com_pin_44121271342927477/bc3859db3011f58424e4c97caa7e86c5.jpg	not_propaganda	DistilBERT+ResNet
data/arabic_memes_fb_insta_pinterest/Pinterest/images/pinterest_images_part2/www.pinterest.com_pin_186758715790591597/16e0321fa987fa36bf5276f4746d9135.jpg	not_propaganda	DistilBERT+ResNet
data/arabic_memes_fb_insta_pinterest/Facebook/images/ArabianMemez/314943468_1479170259257197_5897216314376849546_n.jpg	not_propaganda	DistilBERT+ResNet
data/arabic_memes_fb_insta_pinterest/Pinterest/images/pinterest_images_part2/www.pinterest.com_pin_186758715790591597/6071913a5181ca9a2fa1ccd253e21273.jpg	not_propaganda	DistilBERT+ResNet
data/arabic_memes_fb_insta_pinterest/Instagram/IMAGES/de7ktna/2021-05-01_07-44-20_UTC.jpg	propaganda	DistilBERT+ResNet
data/arabic_memes_fb_insta_pinterest/Pinterest/images/pinterest_images_part2/www.pinterest.com_pin_302163456262798283/8e24807530b48db6411ec565400eb6a6.jpg	propaganda	DistilBERT+ResNet
data/arabic_memes_fb_insta_pinterest/Pinterest/images/pinterest_image_august13/www.pinterest.com_pin_384283780715921583/5d0045edc7c7c29adeb5b64362d8d546.jpg	not_propaganda	DistilBERT+ResNet
data/arabic_memes_fb_insta_pinterest/Pinterest/images/pinterest_images_part2/www.pinterest.com_pin_374924737743995066/f17dc1666abd5ee7c5fdb150d416d372.jpg	propaganda	DistilBERT+ResNet
data/arabic_memes_fb_insta_pinterest/Pinterest/images/pinterest_images_part2/www.pinterest.com_pin_69242912999681646/7ac55e2f5920df90b8230d3f10ca0561.jpg	propaganda	DistilBERT+ResNet
data/arabic_memes_fb_insta_pinterest/Pinterest/images/pinterest_image_august13/www.pinterest.com_pin_384283780715921583/b87ae474136d99ab40ad03c9e07b4efd.jpg	not_propaganda	DistilBERT+ResNet
data/arabic_memes_fb_insta_pinterest/Instagram/IMAGES/de7ktna/2020-11-17_20-42-10_UTC.jpg	not_propaganda	DistilBERT+ResNet
data/arabic_memes_fb_insta_pinterest/Pinterest/images/pinterest_image_august13/www.pinterest.com_pin_864409722250727930/3237efb76b66f2d1beaa066d39d7d252.jpg	not_propaganda	DistilBERT+ResNet
data/arabic_memes_fb_insta_pinterest/Facebook/images/True.Memes.Comics/242286457_578027170211395_5744443025446854762_n.jpg	not_propaganda	DistilBERT+ResNet
data/arabic_memes_fb_insta_pinterest/Pinterest/images/pinterest_images_part2/www.pinterest.com_pin_302163456262798283/1e8abf8ddbfc27f36a71abcbd15e64ac.jpg	not_propaganda	DistilBERT+ResNet
data/arabic_memes_fb_insta_pinterest/Pinterest/images/pinterest_images_part2/www.pinterest.com_pin_186758715790591597/b941707e2d4181b15f6fe6420b1ac7f6.jpg	not_propaganda	DistilBERT+ResNet
data/arabic_memes_fb_insta_pinterest/Facebook/images/salsamemers/368001898_796210195838955_7355996342998640088_n.jpg	not_propaganda	DistilBERT+ResNet
data/fb_memes/ArabianMemez/44511775_481340015706898_2882644300884082688_n.jpg	propaganda	DistilBERT+ResNet
data/arabic_memes_fb_insta_pinterest/Instagram/IMAGES/ex.officiall/2021-08-05_10-27-00_UTC.jpg	not_propaganda	DistilBERT+ResNet
data/arabic_memes_fb_insta_pinterest/Pinterest/images/pinterest_images_part2/www.pinterest.com_pin_173388654391587644/a920d27fd7032b6885b895b665cccd57.jpg	propaganda	DistilBERT+ResNet
data/arabic_memes_fb_insta_pinterest/Instagram/IMAGES/de7ktna/2020-10-28_09-16-10_UTC.jpg	not_propaganda	DistilBERT+ResNet
data/arabic_memes_fb_insta_pinterest/Pinterest/images/pinterest_images_part2/www.pinterest.com_pin_358810295319095213/c312bca610f9283f2b58870fefd361cc.jpg	not_propaganda	DistilBERT+ResNet
data/arabic_memes_fb_insta_pinterest/Instagram/IMAGES/ex.officiall/2023-07-16_20-16-22_UTC.jpg	not_propaganda	DistilBERT+ResNet
data/arabic_memes_fb_insta_pinterest/Instagram/IMAGES/de7ktna/2021-02-24_11-05-23_UTC.jpg	not_propaganda	DistilBERT+ResNet
data/arabic_memes_fb_insta_pinterest/Instagram/IMAGES/ex.officiall/2021-02-22_17-37-40_UTC.jpg	not_propaganda	DistilBERT+ResNet
data/arabic_memes_fb_insta_pinterest/Instagram/IMAGES/comiicsatk/2022-04-24_18-42-08_UTC.jpg	propaganda	DistilBERT+ResNet
data/arabic_memes_fb_insta_pinterest/Pinterest/images/pinterest_image_august13/www.pinterest.com_pin_177188566595173794/7bf6be5cdab927122ed32f305f0ff30f.jpg	propaganda	DistilBERT+ResNet
data/fb_memes/ArabianMemez/144198458_1051405025367058_982236224103892320_n.jpg	propaganda	DistilBERT+ResNet
data/arabic_memes_fb_insta_pinterest/Facebook/images/MemesYard/274723327_1029274257692938_1751105122710382735_n.jpg	propaganda	DistilBERT+ResNet
data/arabic_memes_fb_insta_pinterest/Instagram/IMAGES/de7ktna/2020-12-29_08-21-13_UTC.jpg	not_propaganda	DistilBERT+ResNet
data/arabic_memes_fb_insta_pinterest/Instagram/IMAGES/ex.officiall/2020-02-06_14-39-19_UTC.jpg	not_propaganda	DistilBERT+ResNet
data/arabic_memes_fb_insta_pinterest/Facebook/images/True.Memes.Comics/218346009_537513507596095_8081378767644713356_n.jpg	not_propaganda	DistilBERT+ResNet
data/arabic_memes_fb_insta_pinterest/Instagram/IMAGES/de7ktna/2020-01-09_15-18-07_UTC.jpg	propaganda	DistilBERT+ResNet
data/arabic_memes_fb_insta_pinterest/Instagram/IMAGES/8yerjaw/2022-01-07_10-55-37_UTC.jpg	not_propaganda	DistilBERT+ResNet
data/arabic_memes_fb_insta_pinterest/Instagram/IMAGES/ex.officiall/2021-03-18_23-20-38_UTC.jpg	not_propaganda	DistilBERT+ResNet
data/arabic_memes_fb_insta_pinterest/Instagram/IMAGES/ex.officiall/2021-09-06_12-29-09_UTC.jpg	not_propaganda	DistilBERT+ResNet
data/arabic_memes_fb_insta_pinterest/Instagram/IMAGES/ex.officiall/2023-03-04_18-12-11_UTC.jpg	not_propaganda	DistilBERT+ResNet
data/arabic_memes_fb_insta_pinterest/Instagram/IMAGES/ex.officiall/2022-03-22_22-14-49_UTC.jpg	not_propaganda	DistilBERT+ResNet
data/arabic_memes_fb_insta_pinterest/Instagram/IMAGES/ex.officiall/2020-06-25_12-16-46_UTC.jpg	not_propaganda	DistilBERT+ResNet
data/arabic_memes_fb_insta_pinterest/Instagram/IMAGES/ex.officiall/2019-12-06_12-15-22_UTC.jpg	not_propaganda	DistilBERT+ResNet
data/fb_memes/ArabianMemez/272646015_1281287772378781_3628850103179921723_n.jpg	propaganda	DistilBERT+ResNet
data/arabic_memes_fb_insta_pinterest/Instagram/IMAGES/ex.officiall/2020-03-21_13-05-06_UTC.jpg	not_propaganda	DistilBERT+ResNet
data/arabic_memes_fb_insta_pinterest/Facebook/images/ArabianMemez/356832622_254516783952137_2073541919754547506_n.jpg	not_propaganda	DistilBERT+ResNet
data/arabic_memes_fb_insta_pinterest/Pinterest/images/pinterest_images_part2/www.pinterest.com_pin_361413938847052075/f2abeaf5bba44f454647a99e19805d59.jpg	not_propaganda	DistilBERT+ResNet
data/arabic_memes_fb_insta_pinterest/Pinterest/images/pinterest_image_august13/www.pinterest.com_pin_44121271342927477/150ba5991fc00794b75d711e89659ad3.jpg	not_propaganda	DistilBERT+ResNet
data/arabic_memes_fb_insta_pinterest/Instagram/IMAGES/ex.officiall/2021-09-19_15-36-03_UTC.jpg	not_propaganda	DistilBERT+ResNet
data/arabic_memes_fb_insta_pinterest/Instagram/IMAGES/de7ktna/2021-05-07_18-41-13_UTC.jpg	not_propaganda	DistilBERT+ResNet
data/arabic_memes_fb_insta_pinterest/Facebook/images/MemesYard/44060604_292490108038027_8299473057647427584_n.jpg	not_propaganda	DistilBERT+ResNet
data/arabic_memes_fb_insta_pinterest/Pinterest/images/pinterest_image_august13/www.pinterest.com_pin_397231629646119962/981813e7e1a4cd9cd0b478b93b4bfa33.jpg	not_propaganda	DistilBERT+ResNet
data/arabic_memes_fb_insta_pinterest/Pinterest/images/pinterest_image_august13/www.pinterest.com_pin_44121271342927477/e431087eb479d5856c93276dd9fef6d8.jpg	not_propaganda	DistilBERT+ResNet
data/arabic_memes_fb_insta_pinterest/Instagram/IMAGES/ex.officiall/2020-11-17_15-26-00_UTC.jpg	not_propaganda	DistilBERT+ResNet
data/arabic_memes_fb_insta_pinterest/Facebook/images/msr5er/275436736_950467588996584_4160078987663733225_n.jpg	not_propaganda	DistilBERT+ResNet
data/arabic_memes_fb_insta_pinterest/Pinterest/images/pinterest_image_august13/www.pinterest.com_pin_294422894395147633/f084457b3397804c9d97851368389bfc.jpg	not_propaganda	DistilBERT+ResNet
data/arabic_memes_fb_insta_pinterest/Instagram/IMAGES/8yerjaw/2022-06-01_07-40-19_UTC.jpg	not_propaganda	DistilBERT+ResNet
data/arabic_memes_fb_insta_pinterest/Pinterest/images/pinterest_images_part2/www.pinterest.com_pin_302163456262798283/b3d0d7ac41f3e0b3fcd0e94843c0957c.jpg	not_propaganda	DistilBERT+ResNet
data/arabic_memes_fb_insta_pinterest/Instagram/IMAGES/ex.officiall/2020-07-05_11-59-24_UTC.jpg	not_propaganda	DistilBERT+ResNet
data/arabic_memes_fb_insta_pinterest/Pinterest/images/pinterest_image_august13/www.pinterest.com_pin_126241595793002111/7fa3a1287fa0691ec14f7137ecbe3b97.jpg	not_propaganda	DistilBERT+ResNet
data/arabic_memes_fb_insta_pinterest/Facebook/images/salsamemers/347551887_838185464305660_2767972687376426825_n.jpg	not_propaganda	DistilBERT+ResNet
data/arabic_memes_fb_insta_pinterest/Pinterest/images/pinterest_image_august13/www.pinterest.com_pin_115264071700638504/1a8f25603103e16e62c61a29560689f3.jpg	not_propaganda	DistilBERT+ResNet
data/arabic_memes_fb_insta_pinterest/Instagram/IMAGES/ex.officiall/2020-06-17_15-33-52_UTC.jpg	not_propaganda	DistilBERT+ResNet
data/arabic_memes_fb_insta_pinterest/Facebook/images/salsamemers/351134367_593272979575860_5481089331196021373_n.jpg	propaganda	DistilBERT+ResNet
data/arabic_memes_fb_insta_pinterest/Pinterest/images/pinterest_image_august13/www.pinterest.com_pin_864409722250727930/236310d9127bf78dbc959b746555e834.jpg	propaganda	DistilBERT+ResNet
data/arabic_memes_fb_insta_pinterest/Facebook/images/nasseralkhlify/19366057_1350103888419430_174197714120116622_n.jpg	propaganda	DistilBERT+ResNet
data/arabic_memes_fb_insta_pinterest/Facebook/images/True.Memes.Comics/295865190_776433927037384_8749614396949684665_n.jpg	not_propaganda	DistilBERT+ResNet
data/arabic_memes_fb_insta_pinterest/Instagram/IMAGES/ex.officiall/2020-02-25_16-36-48_UTC.jpg	not_propaganda	DistilBERT+ResNet
data/arabic_memes_fb_insta_pinterest/Pinterest/images/pinterest_images_part2/www.pinterest.com_pin_358810295319095213/4ec768372bd77dd75dec81c1a9087586.jpg	propaganda	DistilBERT+ResNet
data/arabic_memes_fb_insta_pinterest/Facebook/images/msr5er/344595888_3626367264250387_1341378653048270606_n.jpg	not_propaganda	DistilBERT+ResNet
data/arabic_memes_fb_insta_pinterest/Instagram/IMAGES/ex.officiall/2021-03-09_20-59-52_UTC.jpg	not_propaganda	DistilBERT+ResNet
data/arabic_memes_fb_insta_pinterest/Instagram/IMAGES/ex.officiall/2022-01-02_10-48-35_UTC.jpg	not_propaganda	DistilBERT+ResNet
data/arabic_memes_fb_insta_pinterest/Instagram/IMAGES/ex.officiall/2021-06-17_13-07-36_UTC.jpg	not_propaganda	DistilBERT+ResNet
data/arabic_memes_fb_insta_pinterest/Instagram/IMAGES/ex.officiall/2021-05-02_13-36-36_UTC.jpg	not_propaganda	DistilBERT+ResNet
data/arabic_memes_fb_insta_pinterest/Instagram/IMAGES/ex.officiall/2023-05-31_12-23-46_UTC.jpg	not_propaganda	DistilBERT+ResNet
data/arabic_memes_fb_insta_pinterest/Pinterest/images/pinterest_image_august13/www.pinterest.com_pin_661888476507841181/ba9565d78e251404def88d5718e2bf71.jpg	propaganda	DistilBERT+ResNet
data/arabic_memes_fb_insta_pinterest/Instagram/IMAGES/comiicsatk/2022-05-24_15-22-22_UTC.jpg	not_propaganda	DistilBERT+ResNet
data/arabic_memes_fb_insta_pinterest/Instagram/IMAGES/ex.officiall/2021-02-03_22-15-05_UTC.jpg	not_propaganda	DistilBERT+ResNet
data/arabic_memes_fb_insta_pinterest/Instagram/IMAGES/de7ktna/2020-05-24_07-51-15_UTC.jpg	not_propaganda	DistilBERT+ResNet
data/arabic_memes_fb_insta_pinterest/Instagram/IMAGES/ex.officiall/2020-03-30_17-35-16_UTC.jpg	not_propaganda	DistilBERT+ResNet
data/arabic_memes_fb_insta_pinterest/Pinterest/images/pinterest_image_august13/www.pinterest.com_pin_43136108917780301/6a14c5e7abfb02b81c32b1b84b6c35b7.jpg	not_propaganda	DistilBERT+ResNet
data/arabic_memes_fb_insta_pinterest/Instagram/IMAGES/de7ktna/2020-12-25_15-43-12_UTC.jpg	not_propaganda	DistilBERT+ResNet
data/arabic_memes_fb_insta_pinterest/Pinterest/images/pinterest_images_part2/www.pinterest.com_pin_173388654391587644/168c162d028adf801fe715215c3c2b80.jpg	not_propaganda	DistilBERT+ResNet
data/arabic_memes_fb_insta_pinterest/Instagram/IMAGES/ex.officiall/2019-11-20_19-51-56_UTC.jpg	not_propaganda	DistilBERT+ResNet
data/arabic_memes_fb_insta_pinterest/Pinterest/images/pinterest_image_august13/www.pinterest.com_pin_361413938844108966/de36e36b96df803b1b42ef7f42dc170a.jpg	not_propaganda	DistilBERT+ResNet
